pdb_id,native_chain_id_1,native_chain_id_2,native_chain_type_1,native_chain_type_2,ligand_id
8x3q-assembly1,D-2,L-2,protein,ligand,(UDP)
9enh-assembly1,B,O,protein,ligand,(FAD)
8uou-assembly1,A-2,C-2,protein,ligand,(ASP)
8rcw-assembly1,A,C,protein,ligand,(YQF)
8yl9-assembly1,A,G,protein,ligand,(PPV)
8fmh-assembly1,A,I,protein,ligand,(4UR)
8tx9-assembly1,B,K,protein,ligand,(BMX)
8onm-assembly1,A,F,protein,ligand,(PMP)
8vcw-assembly1,A,F,protein,ligand,(DTB)
8pb4-assembly1,A,C,protein,ligand,(XP6)
9jff-assembly1,A,E,protein,ligand,(33P)
8wev-assembly1,A-2,C-2,protein,ligand,(AMP)
8rpj-assembly1,A,J,protein,ligand,(TPP)
8ii8-assembly1,A,C,protein,ligand,(PW6)
8tfo-assembly1,A,C,protein,ligand,(MEV)
8y9p-assembly1,A,C,protein,ligand,(A3P)
8kbg-assembly1,A,H,protein,ligand,(1SY)
8jv2-assembly1,A,B,protein,ligand,(PRO)
8k1x-assembly1,A,E,protein,ligand,(VI4)
8qch-assembly1,A,I,protein,ligand,(EIF)
8yik-assembly1,A,B,protein,ligand,(ATP)
8fmg-assembly1,C,V,protein,ligand,(Y4F)
8jjt-assembly1,A,D,protein,ligand,(UD1)
8qjm-assembly1,A,C,protein,ligand,(C5P)
8tnb-assembly1,B,E,protein,ligand,(IQM)
8jik-assembly1,A-2,B-2,protein,ligand,(PLP)
8zvh-assembly1,A,D,protein,ligand,(PHE)
8q8i-assembly1,A,J,protein,ligand,(O5R)
8ixq-assembly1,B,E,protein,ligand,(LW8)
8wbt-assembly1,B,J,protein,ligand,(TLA)
8te9-assembly1,A,C,protein,ligand,(8X3)
8hwi-assembly1,B,G,protein,ligand,(C2E)
8jv3-assembly1,A,B,protein,ligand,(BET)
8ye0-assembly1,A,E,protein,ligand,(PIS)
8j5h-assembly1,A,B,protein,ligand,(TV0)
8xfa-assembly1,A,B,protein,ligand,(6L0)
8wni-assembly1,A,C,protein,ligand,(VAL)
8dvw-assembly1,A,B,protein,ligand,(UD2)
9b1v-assembly1,A,E,protein,ligand,(PQQ)
8jv1-assembly1,A,B,protein,ligand,(ABU)
8x6q-assembly1,A,E,protein,ligand,(Y8R)
8jkk-assembly1,A,N,protein,ligand,(OGA)
8p0m-assembly1,A,G,protein,ligand,(WCF)
8jny-assembly1,A,C,protein,ligand,(ERV)
8pgt-assembly1,A,D,protein,ligand,(YKZ)
8rhe-assembly1,A,C,protein,ligand,(BLG)
8wch-assembly1,A,C,protein,ligand,(PCA)
8pgk-assembly1,A,D,protein,ligand,(YVH)
8otp-assembly1,A,D,protein,ligand,(VZW)
8r0i-assembly1,A,D,protein,ligand,(XG7)
8pgm-assembly1,A,D,protein,ligand,(YU0)
8k4f-assembly1,A,E,protein,ligand,(OG6)
9aul-assembly1,A-2,B-2,protein,ligand,(4WI)
8tc9-assembly1,D,JA,protein,ligand,(ZTE)
8qqa-assembly1,A,E,protein,ligand,(B1T)
8hyb-assembly1,A,G,protein,ligand,(5ZX)
8sio-assembly1,A,C,protein,ligand,(GXF)
8br6-assembly1,A,C,protein,ligand,(R6I)
8rqh-assembly1,A,C,protein,ligand,(FAD)
8w9i-assembly1,A,C,protein,ligand,(W2H)
8r5t-assembly1,A,C,protein,ligand,(Y4E)
8p9q-assembly1,A,D,protein,ligand,(XC6)
8w8h-assembly1,A,E,protein,ligand,(ILE)
8qe0-assembly1,A-2,B,protein,ligand,(U8R)
8u8k-assembly1,A,B,protein,ligand,(W8U)
8clw-assembly1,A,C,protein,ligand,(UZ3)
8vg8-assembly1,A-3,B-3,protein,ligand,(7L9)
8p5i-assembly1,A,E,protein,ligand,(WYX)
8xw7-assembly1,A,H,protein,ligand,(ADP)
8cex-assembly1,A,D,protein,ligand,(UG0)
8u37-assembly1,A,B,protein,ligand,(V5U)
8c1g-assembly1,A,B,protein,ligand,(T3I)
8k5q-assembly1,A,C,protein,ligand,(C2E)
8t0t-assembly1,A-3,C-3,protein,ligand,(Y6E)
8uuf-assembly1,A,B,protein,ligand,(XWO)
8ax3-assembly1,B,YA,protein,ligand,(OD0)
8zly-assembly1,A,L,protein,ligand,(UDP)
8uob-assembly1,A,B,protein,ligand,(XB5)
8xw8-assembly1,A-2,I-2,protein,ligand,(GDP)
8b96-assembly1,A,B,protein,ligand,(Q2F)
8q34-assembly1,A,F,protein,ligand,(IX4)
8v2f-assembly1,A,E,protein,ligand,(YJU)
8okj-assembly1,A,C,protein,ligand,(VRI)
8qe1-assembly1,A,B-2,protein,ligand,(U8E)
8pge-assembly1,A,D,protein,ligand,(YU8)
8ph3-assembly1,A,D,protein,ligand,(YQR)
8qdy-assembly1,A-2,B,protein,ligand,(U74)
8sqg-assembly1,A,D,protein,ligand,(X6Q)
8olf-assembly1,A,C,protein,ligand,(VS9)
8izc-assembly1,A,F,protein,ligand,(S93)
8ohu-assembly1,A,B,protein,ligand,(SJ5)
8w8j-assembly1,A,C,protein,ligand,(W1Q)
8p3n-assembly1,A,C,protein,ligand,(ADZ)
8rzk-assembly1,B,M,protein,ligand,(TLA)
8orc-assembly1,B,J,protein,ligand,(VY8)
8p3r-assembly1,B,D,protein,ligand,(WUT)
8c3g-assembly1,A,E,protein,ligand,(QS0)
8oke-assembly1,A,C,protein,ligand,(VQC)
8vr7-assembly1,A,G,protein,ligand,(ACO)
8omj-assembly1,B,C,protein,ligand,(VTM)
8qhg-assembly1,A,B,protein,ligand,(V8I)
8try-assembly1,A,D,protein,ligand,(QU0)
8ojp-assembly1,B,E,protein,ligand,(VPZ)
8oqr-assembly1,A,O,protein,ligand,(VWT)
9boo-assembly1,A-2,B-2,protein,ligand,(YDL)
8r1p-assembly1,A,C,protein,ligand,(XIP)
8pgz-assembly1,A,D,protein,ligand,(YQW)
8c14-assembly1,A,Y,protein,ligand,(T0L)
8xf7-assembly1,A,B,protein,ligand,(6L0)
8qk2-assembly1,A-2,D-2,protein,ligand,(VTF)
8riy-assembly1,B,C,protein,ligand,(W0O)
8pgl-assembly1,A,D,protein,ligand,(YK5)
7fti-assembly1,A,C,protein,ligand,(YMI)
7fu2-assembly1,A,C,protein,ligand,(YM9)
8g4a-assembly1,B,C,protein,ligand,(YL8)
8id0-assembly1,A,B,protein,ligand,(7P6)
8qe3-assembly1,A-2,B-2,protein,ligand,(U96)
8uoi-assembly1,A,B,protein,ligand,(X3Q)
7fum-assembly1,A,C,protein,ligand,(YU6)
8sv9-assembly1,A,C,protein,ligand,(WXH)
8v3k-assembly1,A,F,protein,ligand,(DPO)
8r11-assembly1,B,H,protein,ligand,(XI0)
8tab-assembly1,A,E,protein,ligand,(U4T)
8hy3-assembly1,A,C,protein,ligand,(4Q8)
8oyq-assembly1,A,C,protein,ligand,(W6T)
8oko-assembly1,A,C,protein,ligand,(VR3)
8c3r-assembly1,A,C,protein,ligand,(R7O)
8pa5-assembly1,A,D,protein,ligand,(XMZ)
8qtg-assembly1,A,B,protein,ligand,(WUQ)
7fub-assembly1,A,C,protein,ligand,(YQ3)
8p9s-assembly1,A,D,protein,ligand,(XCB)
8w8l-assembly1,B,R,protein,ligand,(W20)
8ph1-assembly1,A,D,protein,ligand,(YMF)
8pgg-assembly1,A,D,protein,ligand,(YU3)
8qrt-assembly1,A,E,protein,ligand,(WP2)
8kht-assembly1,B,F,protein,ligand,(VY9)
8qka-assembly1,A-2,D-2,protein,ligand,(VTK)
8s4h-assembly1,A,G,protein,ligand,(RBR)
8cno-assembly1,A,E,protein,ligand,(STL)
8rtw-assembly1,A,E,protein,ligand,(TES)
8ihg-assembly1,C,G,protein,ligand,(2AF)
8r1t-assembly1,A,D,protein,ligand,(XIJ)
8uxs-assembly1,A,C,protein,ligand,(XU8)
7fu4-assembly1,A,C,protein,ligand,(YMO)
8cey-assembly1,A,D,protein,ligand,(UEF)
8c1f-assembly1,A,R,protein,ligand,(T2O)
8upv-assembly1,A-2,B-2,protein,ligand,(X83)
8r4o-assembly1,A,M,protein,ligand,(XVI)
8qe2-assembly1,A,B,protein,ligand,(U7X)
8u0q-assembly1,B,D,protein,ligand,(U4I)
8bmv-assembly1,A,C,protein,ligand,(URC)
8pb2-assembly1,A,D,protein,ligand,(XQ5)
8p3d-assembly1,A,B,protein,ligand,(WS5)
8r6j-assembly1,A,C,protein,ligand,(Y7F)
8k7h-assembly1,A,G,protein,ligand,(VMO)
8v1f-assembly1,B,O,protein,ligand,(7R8)
7fuq-assembly1,A,C,protein,ligand,(YUF)
8wkg-assembly1,A,B,protein,ligand,(WDB)
8pd6-assembly1,A,B,protein,ligand,(YCB)
8pgx-assembly1,A,D,protein,ligand,(YKO)
8sbt-assembly1,A,C,protein,ligand,(ZUY)
8ppf-assembly1,A,D,protein,ligand,(6II)
8cm2-assembly1,A,B,protein,ligand,(V1X)
8uss-assembly1,A,B,protein,ligand,(XCW)
8k4f-assembly1,A,N,protein,ligand,(FJW)
8r6k-assembly1,A,E,protein,ligand,(Y78)
8r1n-assembly1,A,C,protein,ligand,(XIT)
8k7f-assembly1,B,K,protein,ligand,(VMF)
8r5b-assembly1,A,C,protein,ligand,(Y32)
8son-assembly1,A,I,protein,ligand,(30Y)
8tr4-assembly1,A,C,protein,ligand,(K6C)
7fuo-assembly1,A,C,protein,ligand,(YUB)
8p9p-assembly1,A,D,protein,ligand,(XB4)
8ohv-assembly1,A,B,protein,ligand,(VP5)
8w4b-assembly1,A,B,protein,ligand,(STR)
8qf9-assembly1,A,D,protein,ligand,(UHO)
8tx0-assembly1,A,C,protein,ligand,(VEU)
8pgj-assembly1,A,D,protein,ligand,(YMB)
8cqi-assembly1,A,G,protein,ligand,(VGO)
8c1k-assembly1,A,F,protein,ligand,(T5L)
7ful-assembly1,A,C,protein,ligand,(YUO)
8cn2-assembly1,A,G,protein,ligand,(V60)
8upq-assembly1,A,H,protein,ligand,(XAI)
8u8j-assembly1,A,B,protein,ligand,(WAL)
8okg-assembly1,A,C,protein,ligand,(VQH)
8ckq-assembly1,A,C,protein,ligand,(UZX)
8pg6-assembly1,A,D,protein,ligand,(YSX)
8qtj-assembly1,A,E,protein,ligand,(WUI)
8sjk-assembly1,A,F,protein,ligand,(CFF)
8p95-assembly1,A,D,protein,ligand,(XA9)
7ftp-assembly1,A,C,protein,ligand,(YQ8)
8oqo-assembly1,B,O,protein,ligand,(VXH)
8gkf-assembly1,A,J,protein,ligand,(D16)
8jq4-assembly1,D,Q,protein,ligand,(RM4)
8qk9-assembly1,A,D,protein,ligand,(VQ9)
8u2d-assembly1,A,B,protein,ligand,(UQX)
8cjk-assembly1,A,C,protein,ligand,(UVU)
8pgc-assembly1,A,D,protein,ligand,(YSB)
8t9v-assembly1,A,B,protein,ligand,(ZJT)
8co7-assembly1,A,B,protein,ligand,(V9E)
8fv2-assembly1,A,F,protein,ligand,(JHL)
8pgr-assembly1,A,E,protein,ligand,(YJZ)
8c1e-assembly1,A,B,protein,ligand,(T0X)
8qtk-assembly1,A,E,protein,ligand,(WX9)
8qa8-assembly1,A,L,protein,ligand,(CTP)
8p9t-assembly1,A,D,protein,ligand,(XCQ)
8okp-assembly1,A,C,protein,ligand,(VQW)
8rak-assembly1,A,D,protein,ligand,(YMH)
8ime-assembly1,B,E,protein,ligand,(0XE)
8ppi-assembly1,A,C,protein,ligand,(69I)
8ai3-assembly1,A,E,protein,ligand,(SAM)
9bbh-assembly1,A,E,protein,ligand,(VVP)
8y58-assembly1,A,B,protein,ligand,(PMZ)
8kh3-assembly1,A,B,protein,ligand,(VWF)
8usr-assembly1,B,F,protein,ligand,(XCE)
8uv0-assembly1,A,B,protein,ligand,(XKU)
7fug-assembly1,A,D,protein,ligand,(YP8)
8wdq-assembly1,B,M,protein,ligand,(IPD)
8p92-assembly1,A,D,protein,ligand,(XB0)
8pg9-assembly1,A,D,protein,ligand,(YV8)
