entry_id,release_date,status,detail
5SBJ,2023-02-15,ok,
5SNG,2023-12-20,ok,
7EKA,2023-11-08,ok,
7FTI,2024-02-21,ok,
7FTN,2024-02-21,ok,
7FTP,2024-02-21,ok,
7FU2,2024-02-21,ok,
7FU4,2024-02-21,ok,
7FUB,2024-02-21,ok,
7FUG,2024-02-21,ok,
7FUL,2024-02-21,ok,
7FUM,2024-02-21,ok,
7FUO,2024-02-21,ok,
7FUQ,2024-02-21,ok,
7FVU,2023-06-14,ok,
7FVW,2023-06-14,ok,
7FVY,2023-06-14,ok,
7FW1,2023-06-14,ok,
7FW3,2023-06-14,ok,
7FWB,2023-06-14,ok,
7FWE,2023-06-14,ok,
7FWF,2023-06-14,ok,
7FWL,2023-06-14,ok,
7FWM,2023-06-14,ok,
7FWO,2023-06-14,ok,
7FWP,2023-06-14,ok,
7FWR,2023-06-14,ok,
7FWU,2023-06-14,ok,
7FWY,2023-06-14,ok,
7FWZ,2023-06-14,ok,
7FX6,2023-06-14,ok,
7FXB,2023-06-14,ok,
7FXF,2023-06-14,ok,
7FXH,2023-06-14,ok,
7FXK,2023-06-14,ok,
7FXN,2023-06-14,ok,
7FXQ,2023-06-14,ok,
7FXR,2023-06-14,ok,
7FXW,2023-06-14,ok,
7FY5,2023-06-14,ok,
7FYC,2023-06-14,ok,
7FYF,2023-06-14,ok,
7FYG,2023-06-14,ok,
7FYK,2023-06-14,ok,
7FYO,2023-06-14,ok,
7FYR,2023-06-14,ok,
7FYV,2023-06-14,ok,
7FZ0,2023-06-14,ok,
7FZ1,2023-06-14,ok,
7FZ3,2023-06-14,ok,
7FZ8,2023-06-14,ok,
7FZI,2023-06-14,ok,
7FZJ,2023-06-14,ok,
7FZL,2023-06-14,ok,
7FZN,2023-06-14,ok,
7FZO,2023-06-14,ok,
7G00,2023-06-14,ok,
7G02,2023-06-14,ok,
7G0H,2023-06-14,ok,
7G0I,2023-06-14,ok,
7G0J,2023-06-14,ok,
7G0K,2023-06-14,ok,
7G0V,2023-06-14,ok,
7G10,2023-06-14,ok,
7G13,2023-06-14,ok,
7G14,2023-06-14,ok,
7G1G,2023-06-14,ok,
7G1O,2023-06-14,ok,
7G1S,2023-06-14,ok,
7G1U,2023-06-14,ok,
7G1V,2023-06-14,ok,
7GH3,2023-11-08,ok,
7GI0,2023-11-08,ok,
7GNB,2023-11-08,ok,
7GNC,2023-11-08,ok,
7GNR,2023-11-08,ok,
7MXV,2023-05-10,ok,
7OYP,2023-01-18,ok,
7PRW,2023-02-08,ok,
7PV5,2023-04-19,ok,
7QP5,2023-07-12,ok,
7QRB,2023-01-18,ok,
7QRJ,2023-01-25,ok,
7QRR,2023-01-25,ok,
7QSJ,2023-01-25,ok,
7QUV,2023-02-01,ok,
7QW5,2023-01-25,ok,
7QWE,2023-02-01,ok,
7QZX,2023-02-15,ok,
7R3Z,2023-01-25,ok,
7R59,2023-01-25,ok,
7R5I,2023-08-23,ok,
7SPQ,2023-05-10,ok,
7ST5,2023-05-17,ok,
7SXP,2023-05-31,ok,
7SZA,2023-01-25,ok,
7SZB,2023-01-25,ok,
7T1D,2023-05-17,ok,
7T9R,2023-01-18,ok,
7TH0,2023-03-29,ok,
7TH4,2023-01-18,ok,
7TJB,2023-01-18,ok,
7TLH,2023-01-25,ok,
7TR7,2023-04-12,ok,
7TUO,2023-02-15,ok,
7TXW,2023-04-12,ok,
7TXY,2023-02-15,ok,
7TYP,2023-05-03,ok,
7U9I,2023-01-18,ok,
7UA2,2023-02-15,ok,
7UAD,2023-07-26,ok,
7UBA,2023-03-29,ok,
7UCX,2023-01-18,ok,
7UDJ,2023-03-22,ok,
7UDK,2023-03-22,ok,
7UDQ,2023-01-18,ok,
7UET,2023-03-29,ok,
7UK8,2023-02-15,ok,
7UN7,2023-03-29,ok,
7UQ2,2023-02-08,ok,
7UR2,2023-01-18,ok,
7UR7,2023-03-22,ok,
7UR9,2023-07-26,ok,
7URP,2023-05-03,ok,
7UVG,2023-05-03,ok,
7UVS,2023-02-15,ok,
7UWW,2023-06-14,ok,
7UY4,2023-05-10,ok,
7UYA,2023-05-24,ok,
7UYB,2023-05-24,ok,
7UYC,2023-05-24,ok,
7UYN,2023-05-10,ok,
7UYO,2023-05-10,ok,
7UYP,2023-05-10,ok,
7V2T,2023-02-15,ok,
7V36,2023-02-15,ok,
7V3O,2023-02-15,ok,
7VF6,2023-05-24,ok,
7VRK,2023-02-01,ok,
7VRO,2023-02-01,ok,
7VSF,2023-02-01,ok,
7VUB,2023-03-08,ok,
7W15,2023-04-26,ok,
7WIA,2023-01-18,ok,
7WII,2023-01-18,ok,
7WKP,2023-04-26,ok,
7WR2,2023-01-25,ok,
7WR3,2023-01-25,ok,
7WU8,2023-08-09,ok,
7WVS,2023-02-15,ok,
7WZ5,2023-02-08,ok,
7WZM,2023-02-22,ok,
7X36,2023-04-05,ok,
7X3H,2023-03-08,ok,
7X3P,2023-09-06,ok,
7X4P,2023-03-08,ok,
7X4Q,2023-03-08,ok,
7X4T,2023-03-08,ok,
7X6T,2023-03-22,ok,
7X80,2023-02-08,ok,
7X8L,2023-03-15,ok,
7X8P,2023-02-01,ok,
7XCD,2023-04-26,ok,
7XEK,2023-04-05,ok,
7XFR,2023-03-08,ok,
7XFT,2023-04-05,ok,
7XG9,2023-04-12,ok,
7XHZ,2023-04-12,ok,
7XI5,2023-02-22,ok,
7XJR,2023-04-26,ok,
7XJV,2023-05-31,ok,
7XL7,2023-05-03,ok,
7XLD,2023-05-31,ok,
7XLZ,2023-05-31,ok,
7XN2,2023-03-08,ok,
7XP9,2023-06-07,ok,
7XPI,2023-06-14,ok,
7XPT,2023-03-29,ok,
7XQ4,2023-03-15,ok,
7XRB,2023-06-07,ok,
7XRX,2023-05-17,ok,
7XVN,2023-11-29,ok,
7XVQ,2023-08-09,ok,
7XWZ,2023-02-08,ok,
7XYR,2023-07-05,ok,
7XZ3,2023-05-31,ok,
7Y0L,2023-08-02,ok,
7Y16,2023-06-14,ok,
7Y37,2023-07-05,ok,
7Y3H,2023-06-14,ok,
7Y43,2023-01-18,ok,
7Y4H,2023-05-24,ok,
7Y54,2023-05-24,ok,
7Y5J,2023-05-24,ok,
7Y5M,2023-06-21,ok,
7Y5R,2023-05-24,ok,
7Y8H,2023-05-24,ok,
7Y8I,2023-05-24,ok,
7YC7,2023-11-22,ok,
7YCM,2023-11-22,ok,
7YD4,2023-06-28,ok,
7YDO,2023-05-17,ok,
7YDS,2023-07-19,ok,
7YDW,2023-02-15,ok,
7YDZ,2023-11-22,ok,
7YEK,2023-11-22,ok,
7YEW,2023-07-12,ok,
7YEX,2023-07-12,ok,
7YEY,2023-07-12,ok,
7YF2,2023-04-12,ok,
7YF3,2023-04-12,ok,
7YF4,2023-04-12,ok,
7YFU,2023-05-17,ok,
7YGL,2023-02-15,ok,
7YHA,2023-06-07,ok,
7YHR,2023-05-24,ok,
7YKD,2023-04-19,ok,
7YKM,2023-08-02,ok,
7YL1,2023-07-26,ok,
7YL2,2023-07-26,ok,
7YLR,2023-06-14,ok,
7YLS,2023-06-14,ok,
7YSF,2023-08-16,ok,
7YTU,2023-02-08,ok,
7YUG,2023-04-26,ok,
7YUJ,2023-08-30,ok,
7YUK,2023-04-26,ok,
7YUL,2023-04-26,ok,
7YV1,2023-07-26,ok,
7YVB,2023-08-09,ok,
7YXU,2023-01-25,ok,
7YYG,2023-03-01,ok,
7YZT,2023-01-25,ok,
7Z1X,2023-09-06,ok,
7Z2M,2023-02-08,ok,
7Z2O,2023-01-25,ok,
7Z5K,2023-03-22,ok,
7Z63,2023-01-18,ok,
7Z65,2024-01-17,ok,
7Z6F,2023-09-20,ok,
7Z8Z,2023-09-20,ok,
7ZAU,2023-09-27,ok,
7ZCC,2023-04-05,ok,
7ZDY,2023-04-19,ok,
7ZG5,2023-10-11,ok,
7ZGC,2023-01-25,ok,
7ZHF,2023-10-25,ok,
7ZI3,2023-06-07,ok,
7ZI6,2023-06-07,ok,
7ZI8,2023-06-07,ok,
7ZI9,2023-06-07,ok,
7ZIA,2023-06-07,ok,
7ZIB,2023-06-07,ok,
7ZJ4,2023-04-19,ok,
7ZL5,2023-04-26,ok,
7ZLO,2023-04-26,ok,
7ZLS,2023-04-26,ok,
7ZNZ,2023-04-19,ok,
7ZOI,2023-05-10,ok,
7ZON,2023-05-10,ok,
7ZOP,2023-05-10,ok,
7ZOZ,2023-06-28,ok,
7ZQR,2023-04-05,ok,
7ZS2,2023-05-17,ok,
7ZSM,2023-05-17,ok,
7ZSO,2023-05-17,ok,
7ZSQ,2023-05-17,ok,
7ZTW,2023-05-24,ok,
7ZU3,2023-05-24,ok,
7ZV1,2023-05-31,ok,
7ZW8,2023-02-22,ok,
8A0T,2023-09-13,ok,
8A0W,2023-05-03,ok,
8A2G,2023-06-14,ok,
8A34,2023-09-27,ok,
8A3A,2023-09-20,ok,
8A44,2023-06-07,ok,
8A4O,2023-05-17,ok,
8A50,2023-07-05,ok,
8A51,2023-07-05,ok,
8A67,2023-02-15,ok,
8A8O,2023-04-26,ok,
8AA9,2023-05-03,ok,
8AAN,2023-09-27,ok,
8ABO,2023-07-12,ok,
8ABT,2023-02-01,ok,
8AC8,2023-09-27,ok,
8ACF,2024-01-17,ok,
8ACX,2024-01-17,ok,
8AD2,2023-01-18,ok,
8AD9,2023-03-29,ok,
8ADA,2023-03-29,ok,
8ADB,2023-02-15,ok,
8ADC,2023-02-15,ok,
8ADD,2023-02-15,ok,
8AEB,2023-03-15,ok,
8AEM,2023-03-29,ok,
8AGA,2023-08-02,ok,
8AGP,2023-08-16,ok,
8AGQ,2023-08-30,ok,
8AGY,2023-08-16,ok,
8AH9,2023-08-16,ok,
8AHN,2023-05-24,ok,
8AI3,2024-01-10,ok,
8AJX,2023-01-18,ok,
8AK2,2023-03-29,ok,
8AK6,2023-08-16,ok,
8AKH,2023-04-26,ok,
8AMO,2023-02-15,ok,
8AMY,2023-08-23,ok,
8AN4,2023-08-02,ok,
8AN5,2023-08-02,ok,
8AND,2024-04-17,ok,
8AOK,2023-06-14,ok,
8AOM,2023-06-14,ok,
8AON,2023-08-02,ok,
8ARE,2023-02-22,ok,
8ARL,2023-07-26,ok,
8ARN,2023-02-22,ok,
8ATH,2023-03-01,ok,
8ATL,2023-09-06,ok,
8ATN,2023-09-06,ok,
8AU6,2023-01-18,ok,
8AU8,2023-03-01,ok,
8AUH,2023-03-01,ok,
8AUI,2023-03-01,ok,
8AUZ,2023-04-19,ok,
8AV1,2023-04-19,ok,
8AV2,2023-04-05,ok,
8AVQ,2023-09-06,ok,
8AVZ,2023-08-09,ok,
8AX3,2024-03-13,ok,
8AXI,2023-03-01,ok,
8AXJ,2023-09-13,ok,
8AXO,2023-09-13,ok,
8AXR,2023-09-13,ok,
8AXS,2023-03-01,ok,
8AY0,2023-02-22,ok,
8AYG,2023-09-13,ok,
8AZB,2023-02-22,ok,
8AZC,2023-09-13,ok,
8B1A,2023-08-09,ok,
8B2E,2023-07-19,ok,
8B2G,2023-07-19,ok,
8B2S,2023-07-19,ok,
8B3W,2023-01-25,ok,
8B45,2023-09-27,ok,
8B46,2023-09-27,ok,
8B4B,2023-08-09,ok,
8B4C,2023-08-09,ok,
8B4U,2023-08-23,ok,
8B4W,2023-10-04,ok,
8B5W,2023-10-04,ok,
8B61,2023-05-31,ok,
8B6A,2023-05-31,ok,
8B6E,2023-07-12,ok,
8B6K,2023-10-25,ok,
8B7H,2023-12-27,ok,
8B8U,2023-02-01,ok,
8B96,2024-04-03,ok,
8B9E,2023-02-01,ok,
8B9N,2023-10-18,ok,
8BA3,2023-02-01,ok,
8BAQ,2023-07-12,ok,
8BAR,2023-07-12,ok,
8BAU,2023-07-12,ok,
8BBT,2023-07-12,ok,
8BC8,2023-03-08,ok,
8BCA,2023-03-08,ok,
8BCC,2023-03-08,ok,
8BCE,2023-03-08,ok,
8BDJ,2023-02-15,ok,
8BDN,2023-02-15,ok,
8BDS,2023-02-15,ok,
8BE1,2023-01-25,ok,
8BE2,2023-11-01,ok,
8BE3,2023-11-01,ok,
8BEY,2023-11-01,ok,
8BF4,2023-05-03,ok,
8BFY,2023-02-01,ok,
8BGB,2023-11-08,ok,
8BH9,2023-11-15,ok,
8BIC,2023-03-08,ok,
8BIQ,2023-11-15,ok,
8BIT,2023-11-15,ok,
8BIY,2023-11-15,ok,
8BJE,2023-09-06,ok,
8BJJ,2023-09-20,ok,
8BJL,2023-11-15,ok,
8BKE,2023-08-30,ok,
8BM2,2023-11-22,ok,
8BMV,2024-07-24,ok,
8BN5,2023-11-22,ok,
8BNY,2023-04-19,ok,
8BO1,2023-09-20,ok,
8BO3,2023-09-13,ok,
8BO7,2023-09-13,ok,
8BPV,2023-11-29,ok,
8BR6,2024-01-31,ok,
8BRH,2024-06-05,ok,
8BRO,2023-02-08,ok,
8BRY,2023-12-13,ok,
8BSA,2023-06-07,ok,
8BSB,2023-06-07,ok,
8BTJ,2023-10-11,ok,
8BUX,2023-12-13,ok,
8BUY,2023-12-13,ok,
8BVF,2023-02-22,ok,
8BVK,2023-11-01,ok,
8BX9,2023-12-20,ok,
8BYU,2023-07-12,ok,
8BZ2,2023-11-08,ok,
8BZX,2023-06-14,ok,
8C0H,,not_found,
8C0Q,2023-03-08,ok,
8C14,2024-01-10,ok,
8C1E,2024-01-10,ok,
8C1F,2024-01-10,ok,
8C1G,2024-01-10,ok,
8C1K,2024-01-10,ok,
8C3G,2024-01-10,ok,
8C3L,2023-03-15,ok,
8C3R,2024-01-10,ok,
8C3U,2023-09-13,ok,
8C41,2024-01-10,ok,
8C4D,2023-12-13,ok,
8C4Y,2023-08-30,ok,
8C56,2024-01-17,ok,
8C58,2024-01-17,ok,
8C59,2024-01-17,ok,
8C5H,2023-08-02,ok,
8C72,2023-05-24,ok,
8C8J,2023-12-20,ok,
8CBA,2024-02-07,ok,
8CBT,2023-06-07,ok,
8CBU,2023-06-07,ok,
8CC4,2023-12-06,ok,
8CDQ,2023-06-21,ok,
8CDW,2023-08-16,ok,
8CEF,2023-08-09,ok,
8CEX,2024-02-21,ok,
8CEY,2024-02-21,ok,
8CGC,2023-05-24,ok,
8CHE,2023-12-27,ok,
8CHI,2023-09-06,ok,
8CHJ,2023-09-06,ok,
8CHL,2023-09-06,ok,
8CHM,2023-09-06,ok,
8CI9,2023-06-14,ok,
8CIH,2024-02-21,ok,
8CJD,2023-06-14,ok,
8CJK,2024-01-10,ok,
8CKQ,2024-02-28,ok,
8CLO,2024-02-21,ok,
8CLW,2024-02-28,ok,
8CM2,2024-02-28,ok,
8CN2,2024-01-10,ok,
8CNH,2023-04-26,ok,
8CNO,2024-03-06,ok,
8CO3,2023-12-13,ok,
8CO7,2024-01-03,ok,
8CPK,2024-01-10,ok,
8CPN,2023-05-17,ok,
8CQI,2024-01-10,ok,
8CQM,2023-10-18,ok,
8CS0,2023-05-17,ok,
8CUC,2023-05-24,ok,
8CYF,2023-05-17,ok,
8D0P,2023-05-24,ok,
8D2L,2023-12-20,ok,
8D2M,2023-04-12,ok,
8D2Z,2023-07-05,ok,
8D3I,2023-11-08,ok,
8D78,2023-07-05,ok,
8D79,2023-07-05,ok,
8D9Z,2023-06-14,ok,
8DAJ,2023-02-15,ok,
8DBB,2023-03-08,ok,
8DCM,2023-04-05,ok,
8DEZ,2023-03-01,ok,
8DGE,2023-05-24,ok,
8DHJ,2023-07-05,ok,
8DI4,2023-02-08,ok,
8DJE,2023-03-22,ok,
8DMR,2023-07-12,ok,
8DMT,2023-08-02,ok,
8DMU,2023-07-12,ok,
8DN7,2023-05-17,ok,
8DP3,2023-04-19,ok,
8DP9,2023-01-25,ok,
8DPA,2023-01-25,ok,
8DQD,2024-01-17,ok,
8DTD,2023-08-02,ok,
8DTN,2023-02-01,ok,
8DUZ,2023-07-05,ok,
8DVW,2024-01-17,ok,
8DWD,2023-08-09,ok,
8DWE,2023-08-09,ok,
8DX0,2023-03-22,ok,
8E0E,2023-01-18,ok,
8E0R,2023-05-10,ok,
8E3R,2023-07-05,ok,
8E4H,2023-07-05,ok,
8E4Z,2023-02-22,ok,
8E5D,2023-05-24,ok,
8E5H,2023-08-30,ok,
8E5N,2023-03-08,ok,
8E66,2023-08-30,ok,
8E67,2023-08-30,ok,
8E7R,2023-06-14,ok,
8E85,2023-02-01,ok,
8E87,2023-02-01,ok,
8E8A,2023-02-01,ok,
8E8D,2023-02-01,ok,
8E8E,2023-02-01,ok,
8EA8,2023-05-03,ok,
8EB5,2023-08-02,ok,
8EB9,2023-06-21,ok,
8EBB,2023-06-21,ok,
8EBH,2023-07-05,ok,
8EC3,2023-06-07,ok,
8EE9,2023-07-05,ok,
8EGQ,2023-03-08,ok,
8EHP,2023-02-22,ok,
8EJ6,2023-07-05,ok,
8EKJ,2023-07-05,ok,
8EKU,2023-07-05,ok,
8EKV,2023-07-05,ok,
8EKZ,2023-07-05,ok,
8EM9,2023-07-05,ok,
8EML,2023-10-18,ok,
8EN5,2023-03-15,ok,
8ENK,2023-08-16,ok,
8EO4,2023-07-05,ok,
8EO5,2023-09-06,ok,
8EOV,2023-08-16,ok,
8EQG,2023-07-05,ok,
8EQK,2023-07-05,ok,
8ERD,2023-10-18,ok,
8ERN,2023-10-18,ok,
8ES6,2023-09-20,ok,
8ET0,2023-10-18,ok,
8EUD,2023-02-22,ok,
8EUT,2023-02-22,ok,
8EV4,2023-09-06,ok,
8EVD,2024-03-13,ok,
8EW1,2023-05-10,ok,
8EW9,2023-03-22,ok,
8EX2,2023-02-01,ok,
8EY3,2023-11-08,ok,
8EY4,2023-11-08,ok,
8EY6,2023-11-01,ok,
8EY7,2023-11-01,ok,
8EY8,2023-11-01,ok,
8EYL,2023-02-22,ok,
8EYM,2023-05-17,ok,
8EZ6,2024-03-27,ok,
8EZV,2023-10-11,ok,
8EZW,2023-01-18,ok,
8F5I,2023-10-11,ok,
8F5N,2023-03-08,ok,
8F60,2023-05-24,ok,
8F69,2023-08-09,ok,
8F7U,2023-02-08,ok,
8F7V,2023-02-08,ok,
8F8E,2023-03-01,ok,
8F8K,2023-11-29,ok,
8F8N,2023-08-16,ok,
8F9O,2024-05-29,ok,
8FAS,2023-11-01,ok,
8FAU,2023-03-01,ok,
8FAY,2024-05-29,ok,
8FB3,2023-02-22,ok,
8FBC,2023-05-10,ok,
8FBM,2023-05-31,ok,
8FBQ,2023-10-18,ok,
8FBU,2023-05-31,ok,
8FBW,2023-01-18,ok,
8FCF,2023-03-22,ok,
8FDD,2023-11-01,ok,
8FDO,2023-10-11,ok,
8FE5,2023-10-18,ok,
8FF8,2023-06-07,ok,
8FF9,2023-03-08,ok,
8FG6,2024-03-20,ok,
8FGQ,2023-10-11,ok,
8FHX,2023-05-10,ok,
8FI1,2023-05-10,ok,
8FI8,2023-05-10,ok,
8FIB,2023-07-05,ok,
8FIK,2023-09-06,ok,
8FIL,2023-09-06,ok,
8FJF,2023-09-27,ok,
8FLN,2023-03-01,ok,
8FLV,2023-04-05,ok,
8FMG,2024-02-07,ok,
8FMH,2024-02-07,ok,
8FNR,2023-06-07,ok,
8FNY,2023-05-03,ok,
8FO5,2023-05-24,ok,
8FR5,2023-12-27,ok,
8FSQ,2024-04-17,ok,
8FSR,2024-02-07,ok,
8FTJ,2023-04-26,ok,
8FTY,2024-01-17,ok,
8FUX,2023-03-08,ok,
8FV2,2024-02-07,ok,
8FX3,2023-07-19,ok,
8FXV,2023-06-21,ok,
8FYM,2023-10-11,ok,
8FZ8,2024-02-07,ok,
8FZ9,2024-06-19,ok,
8FZA,2023-08-30,ok,
8G0N,2024-02-14,ok,
8G0P,2023-03-29,ok,
8G1L,2024-02-14,ok,
8G1Y,2023-02-15,ok,
8G2N,2024-02-14,ok,
8G32,2024-02-07,ok,
8G35,2023-05-17,ok,
8G3W,2023-05-17,ok,
8G4A,2024-02-14,ok,
8G4K,2024-08-14,ok,
8G4P,2023-12-20,ok,
8G52,2023-05-24,ok,
8G53,2023-05-24,ok,
8G5U,2023-10-18,ok,
8G64,2023-08-09,ok,
8G6P,2023-04-05,ok,
8G7F,2023-06-14,ok,
8G7G,2023-06-14,ok,
8G7H,2023-06-14,ok,
8G86,2023-03-22,ok,
8G88,2023-03-22,ok,
8G8H,2024-02-21,ok,
8G8J,2024-02-21,ok,
8G91,2024-04-17,ok,
8G9V,2023-08-09,ok,
8GAC,2024-08-21,ok,
8GAD,2024-08-21,ok,
8GBE,2023-03-15,ok,
8GDL,2024-01-17,ok,
8GFC,2023-05-24,ok,
8GFD,2023-05-24,ok,
8GFE,2023-05-24,ok,
8GFH,2023-05-24,ok,
8GFL,2023-05-24,ok,
8GHO,2023-08-30,ok,
8GJ9,2023-08-16,ok,
8GJG,2024-01-10,ok,
8GJI,2024-01-10,ok,
8GJW,2023-07-05,ok,
8GJY,2023-07-05,ok,
8GKD,2024-03-20,ok,
8GKF,2024-03-20,ok,
8GL9,2023-07-26,ok,
8GM4,2023-05-31,ok,
8GM7,2023-12-06,ok,
8GMD,2023-07-12,ok,
8GMY,2023-08-30,ok,
8GN3,2023-08-30,ok,
8GN4,2023-08-30,ok,
8GOJ,2023-08-30,ok,
8GOK,2023-04-19,ok,
8GPS,2023-04-19,ok,
8GPV,2023-04-19,ok,
8GPZ,2023-01-18,ok,
8GQP,2023-09-13,ok,
8GQQ,2023-09-06,ok,
8GR7,2023-09-06,ok,
8GRJ,2023-09-06,ok,
8GSJ,2023-12-27,ok,
8GSY,2023-06-07,ok,
8GTZ,2023-09-13,ok,
8GXB,2023-01-18,ok,
8GY0,2023-04-12,ok,
8GY5,2023-10-04,ok,
8GYE,2023-09-27,ok,
8GZE,2023-05-31,ok,
8GZJ,2023-08-09,ok,
8GZK,2023-08-09,ok,
8GZL,2023-08-09,ok,
8GZM,2023-08-09,ok,
8GZO,2023-07-12,ok,
8H02,2023-04-19,ok,
8H0E,2023-07-12,ok,
8H0F,2023-07-12,ok,
8H0L,2023-09-27,ok,
8H0M,2023-04-12,ok,
8H0N,2023-07-05,ok,
8H0P,2023-08-09,ok,
8H0Q,2023-08-09,ok,
8H1B,2023-01-25,ok,
8H1M,2023-07-12,ok,
8H1Q,2023-08-16,ok,
8H1Y,2023-08-16,ok,
8H29,2023-08-16,ok,
8H2F,2023-09-13,ok,
8H3X,2023-02-08,ok,
8H5A,2023-10-25,ok,
8H5S,2023-10-25,ok,
8H63,2023-10-04,ok,
8H6P,2023-02-22,ok,
8H6Q,2023-08-23,ok,
8H7A,2023-01-18,ok,
8H7M,2023-10-25,ok,
8H9H,2023-04-26,ok,
8HAY,2023-07-26,ok,
8HB8,2023-03-22,ok,
8HBT,2023-09-13,ok,
8HCL,2024-05-15,ok,
8HD2,2023-05-17,ok,
8HDJ,2023-05-17,ok,
8HE1,2023-05-31,ok,
8HEL,2024-05-08,ok,
8HF8,2023-09-06,ok,
8HFP,2023-11-22,ok,
8HFW,2023-05-24,ok,
8HHI,2023-01-18,ok,
8HHJ,2023-11-15,ok,
8HHV,2023-08-16,ok,
8HIC,2023-11-22,ok,
8HIG,2023-11-22,ok,
8HKB,2023-06-21,ok,
8HNQ,2023-12-20,ok,
8HTD,2023-11-22,ok,
8HTW,2023-02-15,ok,
8HUC,2023-12-27,ok,
8HUT,2023-06-21,ok,
8HVD,2023-12-27,ok,
8HW8,2024-06-05,ok,
8HWI,2024-01-03,ok,
8HX9,2023-10-18,ok,
8HXQ,2024-01-03,ok,
8HXS,2023-02-22,ok,
8HY1,2023-11-01,ok,
8HY3,2024-05-08,ok,
8HYB,2024-01-24,ok,
8I61,2023-07-12,ok,
8I6A,2023-07-12,ok,
8I6K,2023-07-19,ok,
8I71,2023-03-22,ok,
8I82,2024-01-10,ok,
8I84,2024-01-10,ok,
8I89,2024-01-10,ok,
8IAU,2023-06-14,ok,
8IC7,2023-08-16,ok,
8ID0,2024-10-02,ok,
8IDO,2024-02-28,ok,
8IFO,2023-03-29,ok,
8IFX,2024-03-20,ok,
8IGX,2023-10-18,ok,
8IH8,2024-02-28,ok,
8IHA,2024-03-06,ok,
8IHG,2024-02-28,ok,
8II8,2024-08-14,ok,
8IJP,2024-02-28,ok,
8IK5,2024-03-06,ok,
8IKX,2024-02-07,ok,
8ILD,2024-01-10,ok,
8ILF,2024-01-17,ok,
8ILG,2024-01-17,ok,
8ILH,2024-01-10,ok,
8IM0,2023-06-21,ok,
8IM3,2023-10-18,ok,
8IME,2024-01-03,ok,
8INI,2023-11-15,ok,
8IOO,2024-03-20,ok,
8IPG,2024-03-20,ok,
8IPJ,2024-03-20,ok,
8IPP,2024-07-31,ok,
8IQ5,2024-02-21,ok,
8IQ8,2023-11-22,ok,
8IQA,2024-03-20,ok,
8IQC,2023-07-26,ok,
8IRQ,2024-03-20,ok,
8ITS,2024-03-27,ok,
8IVU,2023-10-11,ok,
8IVX,2023-07-12,ok,
8IW5,2023-11-08,ok,
8IXQ,2024-04-03,ok,
8IXW,2024-04-10,ok,
8IYB,2023-10-25,ok,
8IYM,2024-04-10,ok,
8IYQ,2024-06-05,ok,
8IZC,2024-04-10,ok,
8J0K,2023-07-05,ok,
8J0L,2023-07-05,ok,
8J0R,2023-07-05,ok,
8J2N,2024-04-17,ok,
8J2W,2024-04-10,ok,
8J2X,2024-04-10,ok,
8J3T,2023-11-08,ok,
8J48,2024-02-28,ok,
8J49,2024-02-28,ok,
8J5H,2024-04-24,ok,
8J5U,2024-04-03,ok,
8J62,2023-07-19,ok,
8J71,2024-05-01,ok,
8J7T,2023-09-20,ok,
8J8Y,2024-05-08,ok,
8J9R,2023-12-06,ok,
8JA9,2023-10-04,ok,
8JAB,2023-09-27,ok,
8JB3,2024-03-06,ok,
8JBO,2023-10-11,ok,
8JCA,2024-03-27,ok,
8JD7,2024-05-15,ok,
8JDG,2023-10-18,ok,
8JDH,2024-05-29,ok,
8JDR,2023-10-18,ok,
8JDX,2023-10-18,ok,
8JE4,2023-11-08,ok,
8JEO,2024-02-28,ok,
8JFB,2023-08-23,ok,
8JFD,2023-08-23,ok,
8JGF,2024-01-10,ok,
8JGG,2024-01-10,ok,
8JH8,2024-04-17,ok,
8JI7,2023-11-15,ok,
8JIK,2024-05-29,ok,
8JIY,2023-09-20,ok,
8JJQ,2024-02-07,ok,
8JJT,2024-02-07,ok,
8JKK,2024-03-06,ok,
8JMQ,2023-12-20,ok,
8JMY,2024-06-12,ok,
8JN0,2023-12-13,ok,
8JNC,2023-11-15,ok,
8JNO,2023-11-22,ok,
8JNY,2024-06-12,ok,
8JOZ,2023-08-30,ok,
8JQ4,2024-03-13,ok,
8JQF,2024-01-03,ok,
8JT1,2024-02-07,ok,
8JU7,2024-01-24,ok,
8JU8,2023-07-26,ok,
8JUP,2024-01-24,ok,
8JV1,2024-07-03,ok,
8JV2,2024-07-03,ok,
8JV3,2024-07-03,ok,
8JVL,2023-11-29,ok,
8JWS,2023-12-20,ok,
8JWZ,2023-08-16,ok,
8JYG,2023-09-20,ok,
8JYR,2024-03-13,ok,
8JYV,2024-05-01,ok,
8JZD,2024-05-15,ok,
8JZT,2024-10-16,ok,
8K1X,2024-10-16,ok,
8K2G,2024-04-24,ok,
8K2K,2024-04-24,ok,
8K2M,2024-04-24,ok,
8K3B,2023-12-20,ok,
8K3D,2023-12-06,ok,
8K4F,2024-05-29,ok,
8K4L,2023-12-06,ok,
8K4M,2024-07-24,ok,
8K4W,2023-08-02,ok,
8K5J,2023-12-06,ok,
8K5Q,2024-04-17,ok,
8K7F,2024-04-10,ok,
8K7H,2024-04-10,ok,
8K7O,2024-07-31,ok,
8K7X,2024-02-21,ok,
8K7Y,2024-02-21,ok,
8K7Z,2024-07-31,ok,
8K83,2024-07-31,ok,
8K84,2024-07-31,ok,
8K86,2024-03-06,ok,
8K8A,2024-03-06,ok,
8K8C,2024-03-06,ok,
8K8D,2024-03-06,ok,
8K8F,2024-07-31,ok,
8KA7,2024-08-07,ok,
8KAC,2024-08-07,ok,
8KBG,2024-08-21,ok,
8KBH,2024-08-21,ok,
8KBL,2024-08-07,ok,
8KBM,2024-08-07,ok,
8KC1,2024-08-07,ok,
8KCE,2024-08-07,ok,
8KCJ,2024-08-14,ok,
8KCK,2024-08-14,ok,
8KFR,2024-06-26,ok,
8KG4,2024-07-10,ok,
8KH3,2024-09-04,ok,
8KHQ,2023-12-06,ok,
8KHT,2024-04-17,ok,
8KHV,2024-09-04,ok,
8KIH,2023-10-04,ok,
8OET,2023-11-22,ok,
8OF7,2023-06-21,ok,
8OG8,2023-06-14,ok,
8OGC,2023-06-14,ok,
8OHU,2024-01-10,ok,
8OHV,2024-01-10,ok,
8OI4,2024-01-31,ok,
8OIJ,2023-06-21,ok,
8OIV,2023-08-23,ok,
8OJ6,2024-04-03,ok,
8OJ7,2024-04-03,ok,
8OJA,2024-04-03,ok,
8OJO,2023-09-13,ok,
8OJP,2024-06-12,ok,
8OK3,2023-10-25,ok,
8OK4,2023-09-13,ok,
8OK9,2024-01-24,ok,
8OKE,2024-04-10,ok,
8OKG,2024-04-24,ok,
8OKJ,2024-04-10,ok,
8OKO,2024-04-10,ok,
8OKP,2024-04-10,ok,
8OLF,2024-04-10,ok,
8OMJ,2024-07-10,ok,
8ON4,2023-10-25,ok,
8ON7,2024-02-14,ok,
8ON9,2024-02-14,ok,
8ONB,2023-10-25,ok,
8ONF,2023-10-25,ok,
8ONI,2024-04-10,ok,
8ONM,2024-04-10,ok,
8ONN,2023-08-30,ok,
8ONV,2023-06-07,ok,
8OO5,2023-05-24,ok,
8OPR,2023-11-08,ok,
8OQ1,2023-06-07,ok,
8OQH,2023-11-29,ok,
8OQO,2024-01-24,ok,
8OQR,2024-01-24,ok,
8ORC,2024-04-24,ok,
8ORK,2023-12-06,ok,
8ORU,2023-12-06,ok,
8OS2,2024-07-31,ok,
8OSW,2023-08-09,ok,
8OSZ,2024-05-01,ok,
8OTP,2024-05-01,ok,
8OU1,2024-02-21,ok,
8OUA,2023-11-15,ok,
8OUD,2024-05-01,ok,
8OUS,2023-07-26,ok,
8OUT,2023-07-26,ok,
8OUV,2023-07-05,ok,
8OV7,2023-07-05,ok,
8OVQ,2024-06-26,ok,
8OVU,2023-11-29,ok,
8OW8,2023-08-30,ok,
8OWF,2023-07-12,ok,
8OWS,2024-07-03,ok,
8OXK,2023-08-16,ok,
8OXL,2023-08-16,ok,
8OXW,2023-10-18,ok,
8OXX,2023-10-18,ok,
8OYA,2023-11-22,ok,
8OYQ,2024-05-15,ok,
8OYS,2023-10-18,ok,
8OYY,2023-10-18,ok,
8P04,2023-05-17,ok,
8P08,2023-05-17,ok,
8P0E,2024-01-17,ok,
8P0M,2024-04-10,ok,
8P2A,2023-07-19,ok,
8P3D,2024-06-12,ok,
8P3N,2024-06-12,ok,
8P3R,2024-06-12,ok,
8P5I,2024-06-05,ok,
8P5N,2023-08-30,ok,
8P5P,2023-07-19,ok,
8P5Q,2024-02-21,ok,
8P6B,2024-06-12,ok,
8P6K,2023-07-05,ok,
8P6M,2023-08-30,ok,
8P7B,2024-06-12,ok,
8P7U,2023-10-25,ok,
8P8K,2023-09-20,ok,
8P92,2024-06-26,ok,
8P95,2024-06-26,ok,
8P9C,2023-11-08,ok,
8P9G,2023-07-05,ok,
8P9H,2023-07-05,ok,
8P9K,2023-07-05,ok,
8P9P,2024-06-26,ok,
8P9Q,2024-06-26,ok,
8P9R,2023-09-06,ok,
8P9S,2024-06-26,ok,
8P9T,2024-06-26,ok,
8PA5,2024-06-26,ok,
8PAK,2024-06-26,ok,
8PAQ,2024-02-07,ok,
8PB2,2024-06-26,ok,
8PB3,2024-04-03,ok,
8PB4,2024-04-03,ok,
8PB5,2024-04-03,ok,
8PD6,2024-01-31,ok,
8PE3,2023-10-04,ok,
8PFI,2023-08-16,ok,
8PG6,2024-07-10,ok,
8PG9,2024-07-10,ok,
8PGC,2024-07-10,ok,
8PGE,2024-07-10,ok,
8PGG,2024-07-10,ok,
8PGJ,2024-07-10,ok,
8PGK,2024-07-10,ok,
8PGL,2024-07-10,ok,
8PGM,2024-07-10,ok,
8PGR,2024-07-10,ok,
8PGT,2024-07-10,ok,
8PGX,2024-07-10,ok,
8PGZ,2024-07-10,ok,
8PH1,2024-07-10,ok,
8PH3,2024-07-10,ok,
8PHB,2023-12-13,ok,
8PI8,2024-06-19,ok,
8PIH,2024-05-08,ok,
8PM5,2024-07-10,ok,
8PM7,2024-07-10,ok,
8PMC,2024-07-10,ok,
8PMF,2024-07-10,ok,
8PMV,2024-07-10,ok,
8PMZ,2024-07-10,ok,
8PN0,2024-07-10,ok,
8PNA,2024-07-10,ok,
8PNC,2024-07-10,ok,
8PNI,,not_found,
8PNP,2024-02-21,ok,
8POR,2024-06-12,ok,
8PPF,2024-02-28,ok,
8PPI,2024-02-28,ok,
8PQG,2023-12-27,ok,
8PQR,2024-02-21,ok,
8PR6,2023-10-25,ok,
8PSO,2023-12-27,ok,
8PSZ,2024-01-10,ok,
8PTD,2024-07-24,ok,
8PU1,2024-07-24,ok,
8PU2,2024-07-24,ok,
8PVS,2024-02-28,ok,
8PW0,2024-05-08,ok,
8PW2,2024-01-17,ok,
8PXC,2023-10-25,ok,
8PXU,2024-02-28,ok,
8PYI,2023-09-20,ok,
8PYK,2023-09-20,ok,
8PYM,2023-09-20,ok,
8PYR,2024-03-06,ok,
8Q00,2023-12-13,ok,
8Q0T,2023-11-22,ok,
8Q1A,2023-11-08,ok,
8Q1K,2023-12-06,ok,
8Q1V,2024-03-13,ok,
8Q1W,2024-03-13,ok,
8Q29,2024-03-13,ok,
8Q34,2024-02-07,ok,
8Q3J,2024-08-14,ok,
8Q3U,2023-09-20,ok,
8Q41,2023-11-22,ok,
8Q42,2023-11-22,ok,
8Q43,2023-11-22,ok,
8Q5O,2024-07-17,ok,
8Q6Q,2024-08-28,ok,
8Q6R,2024-08-28,ok,
8Q70,2023-11-29,ok,
8Q79,2023-12-27,ok,
8Q7O,2024-08-28,ok,
8Q8I,2024-08-21,ok,
8Q9N,2024-06-26,ok,
8QA8,2024-02-21,ok,
8QAB,2024-07-03,ok,
8QB1,2024-02-28,ok,
8QBC,2023-12-13,ok,
8QCH,2024-07-31,ok,
8QCI,2024-03-06,ok,
8QD8,2024-03-13,ok,
8QDY,2024-03-20,ok,
8QE0,2024-03-20,ok,
8QE1,2024-03-20,ok,
8QE2,2024-03-20,ok,
8QE3,2024-03-20,ok,
8QEZ,2023-12-27,ok,
8QF4,2024-03-13,ok,
8QF9,2024-09-11,ok,
8QFL,2023-12-27,ok,
8QHG,2024-09-18,ok,
8QHQ,2023-11-08,ok,
8QJK,2024-08-07,ok,
8QJM,2024-09-25,ok,
8QJP,2024-09-25,ok,
8QK2,2024-04-17,ok,
8QK8,2023-12-27,ok,
8QK9,2024-04-17,ok,
8QKA,2024-04-17,ok,
8QKD,2024-07-03,ok,
8QLC,2024-05-22,ok,
8QLE,2024-04-24,ok,
8QLG,2024-05-22,ok,
8QLK,2024-05-22,ok,
8QLM,2024-05-22,ok,
8QLV,2024-05-22,ok,
8QM0,2024-05-22,ok,
8QMB,2024-10-02,ok,
8QNF,2024-06-26,ok,
8QOH,2024-01-17,ok,
8QPJ,2024-05-29,ok,
8QQ1,2024-05-08,ok,
8QQA,2024-10-16,ok,
8QRT,2024-02-21,ok,
8QTG,2024-01-10,ok,
8QTJ,2024-01-10,ok,
8QTK,2024-01-24,ok,
8QUP,2024-10-23,ok,
8QVC,2024-05-29,ok,
8QX6,2024-09-18,ok,
8QYR,2023-12-13,ok,
8QZ3,2024-05-29,ok,
8R0I,2024-03-06,ok,
8R0S,2024-07-24,ok,
8R11,2024-02-07,ok,
8R1N,2024-03-20,ok,
8R1P,2024-03-20,ok,
8R1T,2024-03-20,ok,
8R2C,2024-02-28,ok,
8R4O,2024-03-27,ok,
8R4U,2024-03-27,ok,
8R5B,2024-01-17,ok,
8R5N,2024-07-31,ok,
8R5T,2024-04-10,ok,
8R5V,2023-12-06,ok,
8R5W,2024-07-10,ok,
8R6J,2024-10-30,ok,
8R6K,2024-10-30,ok,
8R7A,2024-01-31,ok,
8R7I,2024-08-28,ok,
8R9T,2024-09-25,ok,
8RA0,2024-06-26,ok,
8RAK,2024-06-19,ok,
8RCW,2024-04-10,ok,
8RDD,2024-08-14,ok,
8RE3,2024-01-31,ok,
8RHE,2024-04-17,ok,
8RIY,2024-05-01,ok,
8RJA,2024-10-02,ok,
8RKH,2024-03-13,ok,
8RKT,2024-06-19,ok,
8RLK,2024-08-14,ok,
8RM6,2024-04-24,ok,
8RM7,2024-04-24,ok,
8ROM,2024-04-10,ok,
8RP8,2024-06-19,ok,
8RPJ,2024-06-12,ok,
8RPX,2024-07-17,ok,
8RQH,2024-05-15,ok,
8RTE,2024-07-24,ok,
8RTW,2024-09-18,ok,
8RUE,2024-04-17,ok,
8RXA,2024-03-06,ok,
8RZK,2024-07-31,ok,
8RZV,2024-03-13,ok,
8S0L,2024-06-26,ok,
8S0U,2024-02-28,ok,
8S1J,2024-08-14,ok,
8S4H,2024-09-18,ok,
8S5B,2024-04-17,ok,
8S6N,2024-10-30,ok,
8S6O,2024-10-30,ok,
8S9L,2024-03-20,ok,
8S9M,2023-08-02,ok,
8SAO,2023-11-01,ok,
8SBQ,2024-04-17,ok,
8SBT,2024-10-09,ok,
8SCO,2023-10-25,ok,
8SCR,2023-10-25,ok,
8SFZ,2024-05-22,ok,
8SG1,2023-11-01,ok,
8SGN,2024-04-17,ok,
8SH0,2023-08-30,ok,
8SHJ,2023-07-05,ok,
8SIO,2024-04-17,ok,
8SJ7,2023-09-27,ok,
8SJK,2024-04-24,ok,
8SKI,2023-09-20,ok,
8SKL,2023-08-02,ok,
8SLB,2023-06-07,ok,
8SLN,2024-03-13,ok,
8SM6,2024-01-24,ok,
8SMF,2023-11-22,ok,
8SMQ,2023-05-10,ok,
8SON,2024-05-22,ok,
8SOT,2023-10-11,ok,
8SPC,2023-12-13,ok,
8SQG,2024-01-03,ok,
8SRZ,2023-06-07,ok,
8SS1,2023-06-07,ok,
8SUC,2024-05-08,ok,
8SV3,2023-10-04,ok,
8SV7,2024-06-26,ok,
8SV9,2024-03-27,ok,
8SVY,2023-08-09,ok,
8SX0,2024-05-29,ok,
8SX2,2023-11-08,ok,
8SXS,2023-11-22,ok,
8T0P,2023-09-27,ok,
8T0T,2024-05-01,ok,
8T27,2023-10-04,ok,
8T2J,2024-06-12,ok,
8T41,2024-04-17,ok,
8T48,2024-03-13,ok,
8T4C,2023-08-09,ok,
8T59,2024-07-31,ok,
8T5T,2023-06-28,ok,
8T65,2024-01-10,ok,
8T66,2024-01-10,ok,
8T8K,2023-08-30,ok,
8T8Z,2023-11-15,ok,
8T93,2023-11-15,ok,
8T9N,2023-09-20,ok,
8T9U,2023-11-29,ok,
8T9V,2024-05-01,ok,
8TAA,2024-07-03,ok,
8TAB,2024-05-01,ok,
8TAC,2024-08-28,ok,
8TBS,2023-12-27,ok,
8TBU,2023-12-27,ok,
8TC9,2024-02-07,ok,
8TCS,2024-06-19,ok,
8TE9,2024-07-10,ok,
8TFO,2024-03-13,ok,
8TFQ,2023-08-16,ok,
8TFS,2023-08-16,ok,
8TFT,2024-08-28,ok,
8TG4,2023-11-08,ok,
8TH1,2023-12-27,ok,
8TH9,2023-11-01,ok,
8THE,2024-01-31,ok,
8THQ,2024-10-16,ok,
8TI5,2024-05-08,ok,
8TJG,2024-03-06,ok,
8TLF,2024-08-21,ok,
8TLG,2024-08-21,ok,
8TLH,2024-08-21,ok,
8TLS,2024-04-03,ok,
8TMZ,2024-07-31,ok,
8TN8,2023-11-15,ok,
8TNB,2024-04-24,ok,
8TND,2024-04-24,ok,
8TOV,2023-12-20,ok,
8TR4,2024-04-24,ok,
8TRS,2023-11-22,ok,
8TRU,2024-08-28,ok,
8TRY,2024-04-24,ok,
8TS0,2024-06-19,ok,
8TSE,2024-08-28,ok,
8TTO,2023-11-22,ok,
8TUK,2024-07-10,ok,
8TUZ,2024-08-28,ok,
8TW0,2024-05-29,ok,
8TW1,2024-03-27,ok,
8TWH,2024-09-04,ok,
8TX0,2024-06-26,ok,
8TX9,2024-09-11,ok,
8TXE,2023-11-08,ok,
8TXG,2023-11-08,ok,
8TXH,2023-11-08,ok,
8TYH,2024-08-28,ok,
8U0I,2024-09-04,ok,
8U0O,2024-03-13,ok,
8U0P,2024-03-13,ok,
8U0Q,2024-01-03,ok,
8U0X,2023-11-29,ok,
8U12,2023-09-27,ok,
8U2D,2024-01-31,ok,
8U2F,2024-09-11,ok,
8U37,2024-01-24,ok,
8U48,2024-05-29,ok,
8U6X,2024-01-31,ok,
8U8J,2024-03-27,ok,
8U8K,2024-03-27,ok,
8U8L,2024-04-03,ok,
8UBS,2024-10-09,ok,
8UC2,2023-10-04,ok,
8UDS,2024-10-02,ok,
8UDZ,2024-07-17,ok,
8UFK,2024-10-09,ok,
8UG3,2023-12-06,ok,
8UJW,2023-11-01,ok,
8UJX,2024-03-20,ok,
8UK7,2023-10-25,ok,
8UKY,2024-04-10,ok,
8UN3,2023-12-20,ok,
8UN5,2023-12-20,ok,
8UOB,2024-04-03,ok,
8UOI,2024-10-23,ok,
8UOU,2024-04-03,ok,
8UP2,2024-10-16,ok,
8UPB,2024-08-28,ok,
8UPC,2024-04-03,ok,
8UPI,2023-11-08,ok,
8UPQ,2024-04-24,ok,
8UPT,2024-01-10,ok,
8UPV,2024-03-06,ok,
8URF,2024-06-19,ok,
8URK,2024-09-11,ok,
8USR,2024-04-03,ok,
8USS,2024-04-03,ok,
8UTG,2024-06-19,ok,
8UTK,2024-07-10,ok,
8UUF,2024-04-03,ok,
8UV0,2024-02-14,ok,
8UVK,2024-01-31,ok,
8UX2,2024-01-17,ok,
8UX6,2024-10-16,ok,
8UXS,2024-07-10,ok,
8UXT,2024-10-09,ok,
8UZT,2024-08-21,ok,
8V1F,2024-02-07,ok,
8V1H,2024-07-10,ok,
8V1I,2024-07-10,ok,
8V2F,2024-07-03,ok,
8V3K,2024-01-24,ok,
8V3M,2024-07-17,ok,
8V3O,2024-07-17,ok,
8V3Q,2024-07-17,ok,
8V3R,2024-07-17,ok,
8V52,2024-04-10,ok,
8V6T,2024-06-12,ok,
8V7B,2024-05-15,ok,
8V7G,2024-05-15,ok,
8VC8,2024-03-20,ok,
8VCW,2024-01-24,ok,
8VDH,2024-09-18,ok,
8VDN,2024-05-22,ok,
8VF8,2024-05-08,ok,
8VF9,2024-05-08,ok,
8VFC,2024-05-08,ok,
8VFD,2024-05-08,ok,
8VFE,2024-05-08,ok,
8VFF,2024-05-15,ok,
8VFG,2024-05-08,ok,
8VFJ,2024-05-08,ok,
8VG8,2024-05-01,ok,
8VH7,2024-07-24,ok,
8VIJ,2024-04-03,ok,
8VM8,2024-07-24,ok,
8VM9,2024-07-24,ok,
8VMV,2024-07-10,ok,
8VPO,2024-02-07,ok,
8VQK,2024-10-09,ok,
8VR7,2024-01-31,ok,
8VUI,2024-07-10,ok,
8VVA,2024-06-19,ok,
8VVL,2024-07-17,ok,
8VYL,2024-07-17,ok,
8VZM,2024-05-22,ok,
8VZO,2024-05-01,ok,
8W4B,2024-07-17,ok,
8W6V,2024-05-22,ok,
8W7P,2024-01-10,ok,
8W84,2023-11-08,ok,
8W8H,2024-09-04,ok,
8W8J,2024-09-04,ok,
8W8L,2024-09-04,ok,
8W90,2024-09-04,ok,
8W9I,2024-09-11,ok,
8WAC,2024-09-11,ok,
8WAE,2024-09-11,ok,
8WBT,2024-01-31,ok,
8WBV,2023-10-25,ok,
8WC1,2024-09-18,ok,
8WCF,2024-09-18,ok,
8WCH,2024-07-17,ok,
8WDQ,2024-09-18,ok,
8WEO,2024-09-25,ok,
8WEV,2024-09-25,ok,
8WHI,2024-08-28,ok,
8WHJ,2024-08-28,ok,
8WHN,2024-09-25,ok,
8WIK,2024-05-08,ok,
8WIM,2024-01-17,ok,
8WJ5,2024-10-02,ok,
8WK1,2024-10-02,ok,
8WKG,2024-10-02,ok,
8WLB,2023-10-25,ok,
8WMT,2024-06-12,ok,
8WNH,2024-06-12,ok,
8WNI,2024-02-14,ok,
8WNJ,2024-02-14,ok,
8WOJ,2023-12-06,ok,
8WQ5,2024-08-21,ok,
8WQN,2024-08-07,ok,
8WRX,2024-09-11,ok,
8WT3,2024-07-03,ok,
8WT4,2024-07-03,ok,
8WT6,2024-06-26,ok,
8WWY,2024-03-13,ok,
8WX5,2023-12-13,ok,
8WZC,2024-09-11,ok,
8X3G,2024-09-11,ok,
8X3Q,2024-10-16,ok,
8X5V,2024-07-10,ok,
8X6Q,2024-10-02,ok,
8X6V,2024-02-14,ok,
8X7C,2024-10-02,ok,
8XA9,2024-03-20,ok,
8XAS,2024-01-24,ok,
8XC1,2024-06-05,ok,
8XF7,2024-10-09,ok,
8XF9,2024-10-09,ok,
8XFA,2024-10-09,ok,
8XGO,2024-10-30,ok,
8XGU,2024-10-30,ok,
8XIF,2024-05-01,ok,
8XJG,2024-05-22,ok,
8XNH,,not_found,
8XPK,2024-08-28,ok,
8XRH,2024-08-07,ok,
8XW7,2024-07-31,ok,
8XW8,2024-07-31,ok,
8XZR,2024-07-24,ok,
8Y52,2024-09-11,ok,
8Y58,2024-10-09,ok,
8Y9P,2024-05-15,ok,
8YCM,2024-03-06,ok,
8YE0,2024-06-19,ok,
8YE5,2024-03-06,ok,
8YEY,2024-06-26,ok,
8YFI,2024-06-26,ok,
8YFJ,2024-06-26,ok,
8YIK,2024-09-18,ok,
8YK2,2024-07-10,ok,
8YL9,2024-04-24,ok,
8YLA,2024-04-24,ok,
8YRS,2024-09-04,ok,
8YXI,2024-09-11,ok,
8YXK,2024-05-15,ok,
8YXW,2024-06-26,ok,
8YZS,2024-09-25,ok,
8Z2M,2024-10-02,ok,
8Z2N,2024-10-02,ok,
8Z4F,2024-10-30,ok,
8Z4Q,2024-09-11,ok,
8Z85,2024-05-29,ok,
8Z8V,2024-09-04,ok,
8Z9Q,2024-05-29,ok,
8ZLY,2024-07-31,ok,
8ZLZ,2024-08-28,ok,
8ZMM,2024-06-26,ok,
8ZMW,2024-06-26,ok,
8ZP2,2024-09-11,ok,
8ZQF,2024-06-12,ok,
8ZVH,2024-10-02,ok,
9ARD,2024-06-19,ok,
9ASX,2024-06-12,ok,
9AU1,2024-10-16,ok,
9AUE,2024-09-11,ok,
9AUL,2024-08-07,ok,
9AUR,2024-09-04,ok,
9AVR,2024-10-23,ok,
9AZZ,2024-03-20,ok,
9B1U,2024-08-21,ok,
9B1V,2024-08-21,ok,
9B8E,2024-04-10,ok,
9BBH,2024-06-12,ok,
9BDU,2024-04-24,ok,
9BDV,2024-04-24,ok,
9BDW,2024-04-24,ok,
9BIY,2024-07-17,ok,
9BJX,2024-10-09,ok,
9BK6,2024-10-09,ok,
9BKA,2024-09-04,ok,
9BKS,2024-07-31,ok,
9BOO,2024-08-07,ok,
9BS2,2024-10-30,ok,
9BT4,2024-10-09,ok,
9BUN,2024-06-05,ok,
9BVD,2024-09-25,ok,
9C3S,2024-09-11,ok,
9C3T,2024-09-11,ok,
9C5S,2024-06-26,ok,
9C68,2024-10-30,ok,
9C69,2024-10-30,ok,
9C7A,2024-10-02,ok,
9C90,2024-10-16,ok,
9CFJ,2024-09-18,ok,
9CI9,2024-09-18,ok,
9CIH,2024-09-18,ok,
9CRN,2024-08-14,ok,
9CYS,2024-08-14,ok,
9D91,2024-10-09,ok,
9DN4,2024-09-25,ok,
9DP2,2024-10-09,ok,
9EN2,2024-07-03,ok,
9ENH,2024-08-14,ok,
9ENP,2024-05-29,ok,
9ENQ,2024-05-29,ok,
9EQO,2024-10-09,ok,
9ETN,2024-07-31,ok,
9EVQ,2024-08-28,ok,
9EZZ,2024-06-26,ok,
9F0E,2024-06-26,ok,
9F2C,2024-10-02,ok,
9F37,2024-09-18,ok,
9F9U,2024-10-02,ok,
9FCE,2024-08-21,ok,
9FGP,2024-06-12,ok,
9FOW,2024-10-16,ok,
9FVT,2024-07-17,ok,
9FWW,2024-10-30,ok,
9FYM,2024-10-09,ok,
9G2G,2024-07-24,ok,
9G7C,2024-10-30,ok,
9GSO,2024-09-25,ok,
9GSQ,2024-09-25,ok,
9IJC,2024-07-17,ok,
9IUH,2024-09-25,ok,
9J0V,2024-09-18,ok,
9J1R,2024-08-21,ok,
9J23,2024-08-21,ok,
9J26,2024-08-21,ok,
9JBQ,2024-09-11,ok,
9JF5,2024-10-09,ok,
9JFF,2024-10-16,ok,
9JQ9,2024-10-16,ok,
9JST,2024-10-09,ok,
